{"cameraMode":{"drawMode":0,"name":"Shaded","section":"Shading Mode"},"sceneLighting":false,"audioPlay":false,"sceneViewState":{"showFog":true,"showMaterialUpdate":false,"showSkybox":false,"showFlares":true,"showImageEffects":true,"showParticleSystems":true},"in2DMode":false,"pivot":{"x":1.1920928955078126e-7,"y":1.200000286102295,"z":-0.000003039836883544922},"rotation":{"x":-0.42286214232444765,"y":0.027716994285583497,"z":-0.012945783324539662,"w":-0.905701220035553},"size":24.287044525146486,"orthographic":false}