{"cameraMode":{"drawMode":0,"name":"Shaded","section":"Shading Mode"},"sceneLighting":true,"audioPlay":false,"sceneViewState":{"showFog":true,"showMaterialUpdate":false,"showSkybox":true,"showFlares":true,"showImageEffects":true,"showParticleSystems":true},"in2DMode":false,"pivot":{"x":-0.7680932879447937,"y":-5.7905659675598148,"z":-2.708272933959961},"rotation":{"x":-0.3100173771381378,"y":0.02338298223912716,"z":-0.007627217099070549,"w":-0.9504135251045227},"size":21.10383415222168,"orthographic":false}