{"cameraMode":{"drawMode":0,"name":"Shaded","section":"Shading Mode"},"sceneLighting":true,"audioPlay":false,"sceneViewState":{"showFog":true,"showMaterialUpdate":false,"showSkybox":true,"showFlares":true,"showImageEffects":true,"showParticleSystems":true},"in2DMode":false,"pivot":{"x":-13.479126930236817,"y":-28.74488067626953,"z":32.60559844970703},"rotation":{"x":-0.42286214232444765,"y":0.027716994285583497,"z":-0.012945783324539662,"w":-0.905701220035553},"size":94.88178253173828,"orthographic":false}