{"cameraMode":{"drawMode":0,"name":"Shaded","section":"Shading Mode"},"sceneLighting":false,"audioPlay":false,"sceneViewState":{"showFog":true,"showMaterialUpdate":false,"showSkybox":false,"showFlares":true,"showImageEffects":true,"showParticleSystems":true},"in2DMode":false,"pivot":{"x":0.49558258056640627,"y":2.0843937397003176,"z":-0.7289732098579407},"rotation":{"x":-0.2388550043106079,"y":-0.34275978803634646,"z":0.09056148678064347,"w":-0.9040268063545227},"size":2.6496193408966066,"orthographic":false}