{"cameraMode":{"drawMode":0,"name":"Shaded","section":"Shading Mode"},"sceneLighting":true,"audioPlay":false,"sceneViewState":{"showFog":true,"showMaterialUpdate":false,"showSkybox":true,"showFlares":true,"showImageEffects":true,"showParticleSystems":true},"in2DMode":false,"pivot":{"x":8.937045097351075,"y":0.07081815600395203,"z":-0.026938725262880327},"rotation":{"x":-0.20874224603176118,"y":0.013786906376481057,"z":-0.0029429125133901836,"w":-0.9778699278831482},"size":21.10383415222168,"orthographic":false}