{"cameraMode":{"drawMode":0,"name":"Shaded","section":"Shading Mode"},"sceneLighting":false,"audioPlay":false,"sceneViewState":{"showFog":true,"showMaterialUpdate":false,"showSkybox":false,"showFlares":true,"showImageEffects":true,"showParticleSystems":true},"in2DMode":false,"pivot":{"x":-0.000006377696990966797,"y":1.153259038925171,"z":0.0},"rotation":{"x":-0.42286214232444765,"y":0.027716994285583497,"z":-0.012945783324539662,"w":-0.905701220035553},"size":4.513211727142334,"orthographic":false}