{"cameraMode":{"drawMode":0,"name":"Shaded","section":"Shading Mode"},"sceneLighting":true,"audioPlay":false,"sceneViewState":{"showFog":true,"showMaterialUpdate":false,"showSkybox":true,"showFlares":true,"showImageEffects":true,"showParticleSystems":true},"in2DMode":false,"pivot":{"x":0.5700902342796326,"y":2.775160074234009,"z":-1.9192867279052735},"rotation":{"x":-0.19395336508750916,"y":-0.03472577780485153,"z":0.006866167299449444,"w":-0.980394184589386},"size":27.063344955444337,"orthographic":false}