{"cameraMode":{"drawMode":0,"name":"Shaded","section":"Shading Mode"},"sceneLighting":true,"audioPlay":false,"sceneViewState":{"showFog":true,"showMaterialUpdate":false,"showSkybox":true,"showFlares":true,"showImageEffects":true,"showParticleSystems":true},"in2DMode":false,"pivot":{"x":6.611587047576904,"y":0.5845565795898438,"z":1.7052428722381592},"rotation":{"x":-0.44197553396224978,"y":-0.09868961572647095,"z":0.04899526759982109,"w":-0.8902565240859985},"size":10.203028678894043,"orthographic":false}