{"cameraMode":{"drawMode":0,"name":"Shaded","section":"Shading Mode"},"sceneLighting":true,"audioPlay":false,"sceneViewState":{"showFog":true,"showMaterialUpdate":false,"showSkybox":false,"showFlares":true,"showImageEffects":true,"showParticleSystems":true},"in2DMode":false,"pivot":{"x":0.8600001335144043,"y":11.619998931884766,"z":3.190000295639038},"rotation":{"x":-0.4133044183254242,"y":-0.029499735683202745,"z":0.013394729234278202,"w":-0.9100356698036194},"size":40.010372161865237,"orthographic":false}