{"cameraMode":{"drawMode":0,"name":"Shaded","section":"Shading Mode"},"sceneLighting":false,"audioPlay":false,"sceneViewState":{"showFog":true,"showMaterialUpdate":false,"showSkybox":false,"showFlares":true,"showImageEffects":true,"showParticleSystems":true},"in2DMode":false,"pivot":{"x":0.0029997825622558595,"y":1.097719430923462,"z":-0.15682053565979005},"rotation":{"x":-0.09867585450410843,"y":-0.8906969428062439,"z":0.23247559368610383,"w":-0.3780418038368225},"size":4.574258327484131,"orthographic":false}