{"cameraMode":{"drawMode":0,"name":"Shaded","section":"Shading Mode"},"sceneLighting":true,"audioPlay":false,"sceneViewState":{"showFog":true,"showMaterialUpdate":false,"showSkybox":true,"showFlares":true,"showImageEffects":true,"showParticleSystems":true},"in2DMode":false,"pivot":{"x":-2.265897750854492,"y":2.6977672576904299,"z":-3.441277503967285},"rotation":{"x":0.010186930187046528,"y":-0.021901343017816545,"z":-0.0002350058639422059,"w":-0.9997275471687317},"size":1.4930140972137452,"orthographic":false}