{"cameraMode":{"drawMode":0,"name":"Shaded","section":"Shading Mode"},"sceneLighting":true,"audioPlay":false,"sceneViewState":{"showFog":true,"showMaterialUpdate":false,"showSkybox":true,"showFlares":true,"showImageEffects":true,"showParticleSystems":true},"in2DMode":false,"pivot":{"x":4.206162929534912,"y":-14.076251983642579,"z":-26.72467041015625},"rotation":{"x":-0.471762478351593,"y":-0.24923065304756165,"z":0.14098583161830903,"w":-0.8339568972587586},"size":52.57017517089844,"orthographic":false}