{"cameraMode":{"drawMode":0,"name":"Shaded","section":"Shading Mode"},"sceneLighting":false,"audioPlay":false,"sceneViewState":{"showFog":true,"showMaterialUpdate":false,"showSkybox":false,"showFlares":true,"showImageEffects":true,"showParticleSystems":true},"in2DMode":false,"pivot":{"x":-0.059999942779541019,"y":0.9214767217636108,"z":-3.15682053565979},"rotation":{"x":-0.20579871535301209,"y":-0.29776129126548769,"z":0.06589959561824799,"w":-0.9298639297485352},"size":31.338254928588868,"orthographic":false}